Name,Year,Letterboxd URI,Rating,Watched Date,Runtime,Genre,Director,Writer,Actors,Language,Country,Poster
Venom,2018,https://boxd.it/5r9pCZ,3.0,2020-09-18,112 min,"Action, Adventure, Sci-Fi",Ruben Fleischer,"Jeff Pinkner, Scott Rosenberg, Kelly Marcel","Tom Hardy, Michelle Williams, Riz Ahmed","English, Mandarin, Malay","United States, China",https://m.media-amazon.com/images/M/MV5BNTYwMDg5MDItNjhmZi00NmVmLThjNWItMmNkMjVkMWRhNzI2XkEyXkFqcGc@._V1_SX300.jpg
Get Out,2017,https://boxd.it/5rMbdz,4.0,2020-09-23,104 min,"Horror, Mystery, Thriller",Jordan Peele,Jordan Peele,"Daniel Kaluuya, Allison Williams, Bradley Whitford","English, Swahili","United States, Japan",https://m.media-amazon.com/images/M/MV5BMjUxMDQwNjcyNl5BMl5BanBnXkFtZTgwNzcwMzc0MTI@._V1_SX300.jpg
The New Mutants,2020,https://boxd.it/8mRaeb,1.5,2020-11-12,94 min,"Action, Horror, Mystery",Josh Boone,"Josh Boone, Knate Lee","Maisie Williams, Anya Taylor-Joy, Charlie Heaton","English, Portuguese, Latin",United States,https://m.media-amazon.com/images/M/MV5BZGVlMjBkYmMtZDhmYS00N2QyLWI2YTgtMDU2N2UwOWYzM2MxXkEyXkFqcGc@._V1_SX300.jpg
Wonder Woman 1984,2020,https://boxd.it/5r9y0F,3.5,2020-12-28,151 min,"Action, Adventure, Fantasy",Patty Jenkins,"Patty Jenkins, Geoff Johns, Dave Callaham","Gal Gadot, Chris Pine, Kristen Wiig","English, Arabic, Russian, Mandarin",United States,https://m.media-amazon.com/images/M/MV5BYTdkYjI0M2ItMmUxZi00YjU1LTgwM2ItODgxNDY0ODZhZDQzXkEyXkFqcGc@._V1_SX300.jpg
The Longest Yard,2005,https://boxd.it/5r9w2f,3.5,2021-03-17,113 min,"Comedy, Crime, Sport",Peter Segal,"Albert S. Ruddy, Tracy Keenan Wynn, Sheldon Turner","Adam Sandler, Burt Reynolds, Chris Rock",English,United States,https://m.media-amazon.com/images/M/MV5BMTc1NTQyNDk2NV5BMl5BanBnXkFtZTcwOTE2OTQzMw@@._V1_SX300.jpg
Zack Snyder's Justice League,2021,https://boxd.it/5r9Dz1,4.5,2021-03-18,242 min,"Action, Adventure, Fantasy",Zack Snyder,"Jerry Siegel, Joe Shuster, Zack Snyder","Henry Cavill, Ben Affleck, Gal Gadot","English, Icelandic, French",United States,https://m.media-amazon.com/images/M/MV5BNDA0MzM5YTctZTU2My00NGQ5LWE2NTEtNDM0MjZmMDBkOTZkXkEyXkFqcGc@._V1_SX300.jpg
The Father,2020,https://boxd.it/5r9tQV,4.0,2021-04-28,97 min,"Drama, Mystery",Florian Zeller,"Christopher Hampton, Florian Zeller","Anthony Hopkins, Olivia Colman, Mark Gatiss",English,"United Kingdom, France, United States",https://m.media-amazon.com/images/M/MV5BYzUxMDAyMDAtNzIyZi00OGQ1LTllMjEtYzRjOThkZTUxNTliXkEyXkFqcGc@._V1_SX300.jpg
Nomadland,2020,https://boxd.it/5r9uJV,1.5,2021-05-08,107 min,Drama,Chloé Zhao,"Chloé Zhao, Jessica Bruder","Frances McDormand, David Strathairn, Linda May",English,United States,https://m.media-amazon.com/images/M/MV5BZjU3MGYwZjAtNmIzZC00YzkzLWI1NTAtMDQ3YjQzYmRlNjJlXkEyXkFqcGc@._V1_SX300.jpg
Venom: Let There Be Carnage,2021,https://boxd.it/5r9rgh,2.5,2021-12-17,97 min,"Action, Sci-Fi, Thriller",Andy Serkis,"Kelly Marcel, Tom Hardy","Tom Hardy, Woody Harrelson, Michelle Williams","English, Spanish, Mandarin, Japanese",United States,https://m.media-amazon.com/images/M/MV5BZGIxMTU1MjItM2FmMi00YmFiLTgwNDMtMTczYmVjYTBhNGZhXkEyXkFqcGc@._V1_SX300.jpg
Don't Look Up,2021,https://boxd.it/5r9kQn,4.0,2021-12-25,138 min,"Comedy, Drama, Sci-Fi",Adam McKay,"Adam McKay, David Sirota","Leonardo DiCaprio, Jennifer Lawrence, Meryl Streep",English,"United States, Canada",https://m.media-amazon.com/images/M/MV5BMjhhNWFjNzctYTJjOS00MDc0LThiNjItZmM0ZDVmMWViY2UzXkEyXkFqcGc@._V1_SX300.jpg
Morbius,2022,https://boxd.it/5r9CeV,2.0,2022-05-21,104 min,"Action, Adventure, Horror",Daniel Espinosa,"Matt Sazama, Burk Sharpless","Jared Leto, Matt Smith, Adria Arjona","English, Spanish, Russian",United States,https://m.media-amazon.com/images/M/MV5BY2UzYzFiZWUtOGU5ZC00YTIxLWFlNGUtMGU1YmI4OWUzN2FmXkEyXkFqcGc@._V1_SX300.jpg
Black Adam,2022,https://boxd.it/5r9fDD,3.0,2022-12-24,125 min,"Action, Adventure, Fantasy",Jaume Collet-Serra,"Adam Sztykiel, Rory Haines, Sohrab Noshirvani","Dwayne Johnson, Aldis Hodge, Pierce Brosnan",English,"United States, Canada, New Zealand, Hungary",https://m.media-amazon.com/images/M/MV5BYmM3OTM4NDktMmI2NS00OWU0LTg4OTQtNjZhMmFkYjhmOGY1XkEyXkFqcGc@._V1_SX300.jpg
Prison Break: The Final Break,2009,https://boxd.it/5r9evD,3.0,2022-12-26,89 min,"Action, Drama, Thriller","Kevin Hooks, Brad Turner","Paul T. Scheuring (creator), Nick Santora (teleplay), Seth Hoffman (teleplay), Zack Estrin (teleplay), Karyn Usher (teleplay), Christian W. Trokey (story), Kalinda Vazquez (story)","Dominic Purcell, Wentworth Miller, Amaury Nolasco, Robert Knepper",English,USA,https://m.media-amazon.com/images/M/MV5BNzI0ODEzNTc1M15BMl5BanBnXkFtZTgwNjAyMjA2MDE@._V1_SX300.jpg
M3GAN,2022,https://boxd.it/5r9cT9,2.0,2023-02-26,102 min,"Horror, Sci-Fi, Thriller",Gerard Johnstone,"Akela Cooper, James Wan","Allison Williams, Violet McGraw, Ronny Chieng",English,"United States, New Zealand",https://m.media-amazon.com/images/M/MV5BYjU1ZWMxYTUtNzQ1ZC00ZTcxLTg0NTMtMzY1ZmQyZjhmYjMyXkEyXkFqcGc@._V1_SX300.jpg
Shazam! Fury of the Gods,2023,https://boxd.it/5r9bht,3.0,2023-04-07,130 min,"Adventure, Comedy, Fantasy",David F. Sandberg,"Henry Gayden, Chris Morgan, Bill Parker","Zachary Levi, Asher Angel, Jack Dylan Grazer","English, Greek, French, Spanish","United States, Germany, New Zealand, United Kingdom, India, South Korea, Canada",https://m.media-amazon.com/images/M/MV5BMjdlYzAwYTMtMWJlOC00OTQ5LWJhMmYtMDhjNGY4M2RhMGU4XkEyXkFqcGc@._V1_SX300.jpg
The Flash,2023,https://boxd.it/5r99Tl,3.5,2023-07-18,144 min,"Action, Adventure, Fantasy",Andy Muschietti,"Christina Hodson, John Francis Daley, Jonathan Goldstein","Ezra Miller, Michael Keaton, Sasha Calle",English,"United States, Canada, Australia, New Zealand",https://m.media-amazon.com/images/M/MV5BYmE2NzBjNGUtNTJiMy00N2UxLWEyYzMtYzFjODFhMGZlOTgzXkEyXkFqcGc@._V1_SX300.jpg
Captain Fantastic,2016,https://boxd.it/5r98eh,3.5,2023-07-23,118 min,"Comedy, Drama",Matt Ross,Matt Ross,"Viggo Mortensen, George MacKay, Samantha Isler","English, Esperanto, German, Chinese",United States,https://m.media-amazon.com/images/M/MV5BMjE5OTM0OTY5NF5BMl5BanBnXkFtZTgwMDcxOTQ3ODE@._V1_SX300.jpg
Spider-Man: Across the Spider-Verse,2023,https://boxd.it/5r96Dz,3.5,2023-11-11,140 min,"Animation, Action, Adventure","Joaquim Dos Santos, Kemp Powers, Justin K. Thompson","Phil Lord, Christopher Miller, Dave Callaham","Shameik Moore, Hailee Steinfeld, Brian Tyree Henry",English,United States,https://m.media-amazon.com/images/M/MV5BNThiZjA3MjItZGY5Ni00ZmJhLWEwN2EtOTBlYTA4Y2E0M2ZmXkEyXkFqcGc@._V1_SX300.jpg
Blue Beetle,2023,https://boxd.it/5qiFzB,3.0,2023-12-24,127 min,"Action, Adventure, Sci-Fi",Angel Manuel Soto,Gareth Dunnet-Alcocer,"Xolo Maridueña, Bruna Marquezine, Becky G","English, Spanish, Portuguese","United States, Mexico, Canada, Germany",https://m.media-amazon.com/images/M/MV5BOTEyYzQzOTMtMWExNi00OWNjLTgwMDUtNzY0YjhmZDBiMTk2XkEyXkFqcGc@._V1_SX300.jpg
Bullet Train,2022,https://boxd.it/5qiH4l,4.0,2023-12-25,127 min,"Action, Comedy, Thriller",David Leitch,"Zak Olkewicz, Kôtarô Isaka","Brad Pitt, Joey King, Aaron Taylor-Johnson","English, Japanese, Spanish, Russian","United States, Japan",https://m.media-amazon.com/images/M/MV5BODUyZjkxZDMtZGI3ZC00ZmEwLTgwMTUtYTU4OTQ5YjU4ZjRlXkEyXkFqcGc@._V1_SX300.jpg
A Man Called Otto,2022,https://boxd.it/5qiIyB,4.5,2023-12-26,126 min,"Comedy, Drama",Marc Forster,"Fredrik Backman, Hannes Holm, David Magee","Tom Hanks, Mariana Treviño, Rachel Keller","English, Spanish","United States, Sweden, Canada, Ireland, United Kingdom",https://m.media-amazon.com/images/M/MV5BNjY5YWJjODYtNDUzNy00ZGMyLTk3NTQtN2EzZmFhZTFmMDNiXkEyXkFqcGc@._V1_SX300.jpg
Nope,2022,https://boxd.it/5qiB5x,3.5,2023-12-27,130 min,"Horror, Mystery, Sci-Fi",Jordan Peele,Jordan Peele,"Daniel Kaluuya, Keke Palmer, Brandon Perea","English, Spanish","Canada, Japan, United States",https://m.media-amazon.com/images/M/MV5BODRlNWRhZWUtMzdlZC00ZDIyLWFhZjMtYTcxNjI1ZDIwODhjXkEyXkFqcGc@._V1_SX300.jpg
Uncharted,2022,https://boxd.it/5qEqh7,2.0,2023-12-28,116 min,"Action, Adventure",Ruben Fleischer,"Rafe Judkins, Art Marcum, Matt Holloway","Tom Holland, Mark Wahlberg, Antonio Banderas","English, Spanish, Latin","United States, Spain",https://m.media-amazon.com/images/M/MV5BYjQxYWNiNzgtOTc2Yi00OGEwLTk5MjAtODdiZTk0ZDJlZGY4XkEyXkFqcGc@._V1_SX300.jpg
Nobody,2021,https://boxd.it/5rdA4H,3.5,2023-12-29,92 min,"Action, Crime, Drama",Ilya Naishuller,Derek Kolstad,"Bob Odenkirk, Aleksey Serebryakov, Connie Nielsen","English, Russian, Spanish","United States, Japan, China",https://m.media-amazon.com/images/M/MV5BYmIzOWViNDEtOWRiZS00ZWM4LWFiMmEtNGJjMmQ3NTIxN2U0XkEyXkFqcGc@._V1_SX300.jpg
Bruce Almighty,2003,https://boxd.it/5rMuY5,4.0,2023-12-30,101 min,"Comedy, Fantasy",Tom Shadyac,"Steve Koren, Mark O'Keefe, Steve Oedekerk","Jim Carrey, Jennifer Aniston, Morgan Freeman","English, Spanish",United States,https://m.media-amazon.com/images/M/MV5BZWM2ZjA2OTctZmRhMy00ZDIzLTkwZGQtYTRlNmQwZWZmMDBlXkEyXkFqcGc@._V1_SX300.jpg
Uncut Gems,2019,https://boxd.it/5sm5Ld,3.5,2023-12-31,135 min,"Crime, Drama, Thriller","Benny Safdie, Josh Safdie","Ronald Bronstein, Josh Safdie, Benny Safdie","Adam Sandler, Julia Fox, Idina Menzel","English, Hebrew",United States,https://m.media-amazon.com/images/M/MV5BNmI0YjA5NjItYzExYi00NzkxLTkxNDctNGJjYTZhM2M0NDQ0XkEyXkFqcGc@._V1_SX300.jpg
Death on the Nile,2022,https://boxd.it/5sKhlT,2.5,2024-01-01,127 min,"Crime, Drama, Mystery",Kenneth Branagh,"Michael Green, Agatha Christie","Tom Bateman, Annette Bening, Kenneth Branagh","English, French, German",United States,https://m.media-amazon.com/images/M/MV5BYjBkMTRkMmUtNGQ5Ni00YjkwLThhMmMtZjI1M2U2NzRhNjkwXkEyXkFqcGc@._V1_SX300.jpg
You People,2023,https://boxd.it/5t4N7p,2.0,2024-01-01,117 min,"Comedy, Romance",Kenya Barris,"Jonah Hill, Kenya Barris","Jonah Hill, Lauren London, Eddie Murphy",English,United States,https://m.media-amazon.com/images/M/MV5BYmQ4MjY2YmYtNDhjZi00ODZmLWFkYmItZmY3YTRmZGMzZjJiXkEyXkFqcGc@._V1_SX300.jpg
El Camino,2019,https://boxd.it/5tL07B,4.0,2024-01-02,122 min,"Action, Crime, Drama",Vince Gilligan,Vince Gilligan,"Aaron Paul, Jonathan Banks, Matt Jones","English, Spanish",United States,https://m.media-amazon.com/images/M/MV5BYTYxMjI2YzUtODQ5Mi00M2JmLTlmNzItOTlkM2MyM2ExM2RlXkEyXkFqcGc@._V1_SX300.jpg
Shutter Island,2010,https://boxd.it/5BEYUB,4.5,2024-01-15,138 min,"Drama, Mystery, Thriller",Martin Scorsese,"Laeta Kalogridis, Dennis Lehane","Leonardo DiCaprio, Emily Mortimer, Mark Ruffalo","English, German",United States,https://m.media-amazon.com/images/M/MV5BN2FjNWExYzEtY2YzOC00YjNlLTllMTQtNmIwM2Q1YzBhOWM1XkEyXkFqcGc@._V1_SX300.jpg
John Wick,2014,https://boxd.it/5CaVQF,4.0,2024-01-16,101 min,"Action, Crime, Thriller",Chad Stahelski,Derek Kolstad,"Keanu Reeves, Michael Nyqvist, Alfie Allen","English, Russian, Hungarian",United States,https://m.media-amazon.com/images/M/MV5BMTU2NjA1ODgzMF5BMl5BanBnXkFtZTgwMTM2MTI4MjE@._V1_SX300.jpg
Leave the World Behind,2023,https://boxd.it/5CDK3F,4.0,2024-01-17,138 min,"Drama, Mystery, Thriller",Sam Esmail,"Rumaan Alam, Sam Esmail","Julia Roberts, Mahershala Ali, Ethan Hawke",English,United States,https://m.media-amazon.com/images/M/MV5BZjI0YzhjZjAtMzg3ZS00NTFhLWFkYjctMjE5ZGExNTk1MmJkXkEyXkFqcGc@._V1_SX300.jpg
Us,2019,https://boxd.it/5D5OOB,4.0,2024-01-18,116 min,"Horror, Mystery, Thriller",Jordan Peele,Jordan Peele,"Lupita Nyong'o, Winston Duke, Elisabeth Moss",English,"United States, China, Japan",https://m.media-amazon.com/images/M/MV5BMzhkMjFkN2YtODU2Ni00YWYwLWExN2MtOWNjZmQxM2U4YTM5XkEyXkFqcGc@._V1_SX300.jpg
The Unforgivable,2021,https://boxd.it/5E0nkt,3.5,2024-01-20,112 min,"Crime, Drama, Mystery",Nora Fingscheidt,"Peter Craig, Hillary Seitz, Courtenay Miles","Sandra Bullock, Viola Davis, Vincent D'Onofrio","English, Persian","United Kingdom, Germany, United States",https://m.media-amazon.com/images/M/MV5BNjVlY2EzYTUtNjY5Ni00ZTUyLTkxNTEtZDk1ZTliZjgwODIxXkEyXkFqcGc@._V1_SX300.jpg
The Irishman,2019,https://boxd.it/5EJV7j,4.5,2024-01-21,209 min,"Biography, Crime, Drama",Martin Scorsese,"Steven Zaillian, Charles Brandt","Robert De Niro, Al Pacino, Joe Pesci","English, Italian, Latin, Spanish, German",United States,https://m.media-amazon.com/images/M/MV5BMTY2YThkNmQtOWJhYy00ZDc3LWEzOGEtMmQwNzM0YjFmZWIyXkEyXkFqcGc@._V1_SX300.jpg
Forrest Gump,1994,https://boxd.it/5FEV6f,4.5,2024-01-23,142 min,"Drama, Romance",Robert Zemeckis,"Winston Groom, Eric Roth","Tom Hanks, Robin Wright, Gary Sinise",English,United States,https://m.media-amazon.com/images/M/MV5BNDYwNzVjMTItZmU5YS00YjQ5LTljYjgtMjY2NDVmYWMyNWFmXkEyXkFqcGc@._V1_SX300.jpg
GoodFellas,1990,https://boxd.it/5H0WRz,5.0,2024-01-26,145 min,"Biography, Crime, Drama",Martin Scorsese,"Nicholas Pileggi, Martin Scorsese","Robert De Niro, Ray Liotta, Joe Pesci","English, Italian, Hebrew, Yiddish",United States,https://m.media-amazon.com/images/M/MV5BN2E5NzI2ZGMtY2VjNi00YTRjLWI1MDUtZGY5OWU1MWJjZjRjXkEyXkFqcGc@._V1_SX300.jpg
Gone in 60 Seconds,2000,https://boxd.it/5IdXcn,3.0,2024-01-28,118 min,"Action, Crime, Thriller",Dominic Sena,"H.B. Halicki, Scott Rosenberg","Nicolas Cage, Angelina Jolie, Giovanni Ribisi",English,United States,https://m.media-amazon.com/images/M/MV5BMTIwMzExNDEwN15BMl5BanBnXkFtZTYwODMxMzg2._V1_SX300.jpg
The Gentlemen,2019,https://boxd.it/5IIkLZ,3.5,2024-01-29,113 min,"Action, Crime",Guy Ritchie,"Guy Ritchie, Ivan Atkinson, Marn Davies","Matthew McConaughey, Charlie Hunnam, Michelle Dockery","English, Russian, Spanish, Chinese","United States, United Kingdom",https://m.media-amazon.com/images/M/MV5BMjE2ZjQ4ZGMtZjFhMi00NmI5LTliNjEtODczMWMxNjliZjgxXkEyXkFqcGc@._V1_SX300.jpg
Aquaman and the Lost Kingdom,2023,https://boxd.it/5J9XSf,2.5,2024-01-30,124 min,"Action, Adventure, Fantasy",James Wan,"David Leslie Johnson-McGoldrick, James Wan, Jason Momoa","Jason Momoa, Patrick Wilson, Yahya Abdul-Mateen II",English,"United States, United Kingdom, Canada, Australia, Iceland",https://m.media-amazon.com/images/M/MV5BYjQ1ZTUzMWMtY2VkNS00ZDRjLWEwODYtYmFkMWJiNTQxMDUzXkEyXkFqcGc@._V1_SX300.jpg
John Wick: Chapter 2,2017,https://boxd.it/5NRx9x,3.0,2024-02-10,122 min,"Action, Crime, Thriller",Chad Stahelski,Derek Kolstad,"Keanu Reeves, Riccardo Scamarcio, Ian McShane","English, Italian, Russian, Sign , Hebrew","United States, Italy, Hong Kong, Canada",https://m.media-amazon.com/images/M/MV5BMjE2NDkxNTY2M15BMl5BanBnXkFtZTgwMDc2NzE0MTI@._V1_SX300.jpg
American Psycho,2000,https://boxd.it/61oYoH,4.0,2024-03-10,102 min,"Crime, Drama, Horror",Mary Harron,"Bret Easton Ellis, Mary Harron, Guinevere Turner","Christian Bale, Justin Theroux, Josh Lucas","English, Spanish, Cantonese",United States,https://m.media-amazon.com/images/M/MV5BNzBjM2I5ZjUtNmIzNy00OGNkLWIwZDMtOTAwYWUwMzA2YjdlXkEyXkFqcGc@._V1_SX300.jpg
1917,2019,https://boxd.it/62653R,4.0,2024-03-11,119 min,"Action, Drama, War",Sam Mendes,"Sam Mendes, Krysty Wilson-Cairns","Dean-Charles Chapman, George MacKay, Daniel Mays","English, French, German","United Kingdom, United States, India, Spain, Canada",https://m.media-amazon.com/images/M/MV5BYzkxZjg2NDQtMGVjMy00NWZkLTk0ZDEtZWE3NDYwYjAyMTg1XkEyXkFqcGc@._V1_SX300.jpg
Babylon,2022,https://boxd.it/62MhAH,4.5,2024-03-13,189 min,"Comedy, Drama, History",Damien Chazelle,Damien Chazelle,"Brad Pitt, Margot Robbie, Jean Smart","English, Spanish, Italian, Cantonese, French, Hungarian",United States,https://m.media-amazon.com/images/M/MV5BNGY3M2NkN2QtZTdhOS00YTNjLTgyYmMtMGY3Y2U0OTk2NjA0XkEyXkFqcGc@._V1_SX300.jpg
Society of the Snow,2023,https://boxd.it/63e2Aj,3.5,2024-03-14,144 min,"Adventure, Biography, Drama",J.A. Bayona,"J.A. Bayona, Bernat Vilaplana, Jaime Marques","Enzo Vogrincic, Agustín Pardella, Matías Recalt",Spanish,Spain,https://m.media-amazon.com/images/M/MV5BODM1MWQ1MWUtMDM1ZS00ZjI3LTg4ZTMtNmI1ZDAwNmE4MTNiXkEyXkFqcGc@._V1_SX300.jpg
Poor Things,2023,https://boxd.it/648JgD,3.5,2024-03-16,141 min,"Comedy, Drama, Romance",Yorgos Lanthimos,"Tony McNamara, Alasdair Gray","Emma Stone, Mark Ruffalo, Willem Dafoe","English, French, Portuguese","Ireland, United Kingdom, United States, Hungary",https://m.media-amazon.com/images/M/MV5BYWU2MjRjZTYtMjVkMS00MTBjLWFiMTAtYmZlYTk1YjkyMWFkXkEyXkFqcGc@._V1_SX300.jpg
Dune: Part One,2021,https://boxd.it/6aNs1n,3.5,2024-03-29,155 min,"Action, Adventure, Drama",Denis Villeneuve,"Jon Spaihts, Denis Villeneuve, Eric Roth","Timothée Chalamet, Rebecca Ferguson, Zendaya","English, Mandarin","United States, Canada",https://m.media-amazon.com/images/M/MV5BNWIyNmU5MGYtZDZmNi00ZjAwLWJlYjgtZTc0ZGIxMDE4ZGYwXkEyXkFqcGc@._V1_SX300.jpg
Dune: Part Two,2024,https://boxd.it/6aNvht,4.0,2024-03-30,166 min,"Action, Adventure, Drama",Denis Villeneuve,"Denis Villeneuve, Jon Spaihts, Frank Herbert","Timothée Chalamet, Zendaya, Rebecca Ferguson",English,"United States, Canada, United Arab Emirates, Hungary, Italy, New Zealand, Jordan, Gambia",https://m.media-amazon.com/images/M/MV5BNTc0YmQxMjEtODI5MC00NjFiLTlkMWUtOGQ5NjFmYWUyZGJhXkEyXkFqcGc@._V1_SX300.jpg
The Revenant,2015,https://boxd.it/6vySm1,3.0,2024-05-19,156 min,"Action, Adventure, Drama",Alejandro G. Iñárritu,"Mark L. Smith, Alejandro G. Iñárritu, Michael Punke","Leonardo DiCaprio, Tom Hardy, Will Poulter","English, Pawnee, French","United States, Hong Kong, Taiwan, Argentina",https://m.media-amazon.com/images/M/MV5BYTgwNmQzZDctMjNmOS00OTExLTkwM2UtNzJmOTJhODFjOTdlXkEyXkFqcGc@._V1_SX300.jpg
The Thing,1982,https://boxd.it/6x9wt3,4.0,2024-05-23,109 min,"Horror, Mystery, Sci-Fi",John Carpenter,"Bill Lancaster, John W. Campbell Jr.","Kurt Russell, Wilford Brimley, Keith David","English, Norwegian","United States, Canada",https://m.media-amazon.com/images/M/MV5BYTA3NDU5MWEtNTk4Yy00ZDNkLThmZTQtMjU3ZGVhYzAyMzU4XkEyXkFqcGc@._V1_SX300.jpg
Godzilla x Kong: The New Empire,2024,https://boxd.it/6VCguj,2.5,2024-07-21,115 min,"Action, Adventure, Fantasy",Adam Wingard,"Terry Rossio, Adam Wingard, Simon Barrett","Rebecca Hall, Brian Tyree Henry, Dan Stevens",English,"United States, Australia",https://m.media-amazon.com/images/M/MV5BMTY0N2MzODctY2ExYy00OWYxLTkyNDItMTVhZGIxZjliZjU5XkEyXkFqcGc@._V1_SX300.jpg
Deadpool,2016,https://boxd.it/71u59H,3.0,2024-08-03,108 min,"Action, Comedy",Tim Miller,"Rhett Reese, Paul Wernick","Ryan Reynolds, Morena Baccarin, T.J. Miller",English,United States,https://m.media-amazon.com/images/M/MV5BNzY3ZWU5NGQtOTViNC00ZWVmLTliNjAtNzViNzlkZWQ4YzQ4XkEyXkFqcGc@._V1_SX300.jpg
Deadpool 2,2018,https://boxd.it/71U8sz,3.5,2024-08-04,119 min,"Action, Adventure, Comedy",David Leitch,"Rhett Reese, Paul Wernick, Ryan Reynolds","Ryan Reynolds, Josh Brolin, Morena Baccarin","English, Cantonese, Spanish, Russian","United States, Canada",https://m.media-amazon.com/images/M/MV5BNGY3N2ZhYmMtYTlmYi00ZWIzLWJiZWMtMjgxMjljYTk3MDAwXkEyXkFqcGc@._V1_SX300.jpg
Deadpool & Wolverine,2024,https://boxd.it/72ns7J,3.0,2024-08-05,128 min,"Action, Adventure, Comedy",Shawn Levy,"Ryan Reynolds, Rhett Reese, Paul Wernick","Ryan Reynolds, Hugh Jackman, Emma Corrin","English, French, Spanish","United States, United Kingdom, New Zealand, Canada",https://m.media-amazon.com/images/M/MV5BZTk5ODY0MmQtMzA3Ni00NGY1LThiYzItZThiNjFiNDM4MTM3XkEyXkFqcGc@._V1_SX300.jpg
Beverly Hills Cop: Axel F,2024,https://boxd.it/7bor8J,3.5,2024-08-25,118 min,"Action, Comedy, Crime",Mark Molloy,"Will Beall, Tom Gormican, Kevin Etten","Eddie Murphy, Joseph Gordon-Levitt, Taylour Paige","English, Spanish",United States,https://m.media-amazon.com/images/M/MV5BMDVhYWNkNTUtZWVjMC00Y2M1LWEzNmItZjFiMzA4ZjNiODI4XkEyXkFqcGc@._V1_SX300.jpg
Incantation,2022,https://boxd.it/7gqQNr,2.5,2024-09-05,110 min,"Horror, Mystery",Kevin Ko,"Che-Wei Chang, Kevin Ko","Hsuan-yen Tsai, Sin-Ting Huang, Ying-Hsuan Kao",Mandarin,Taiwan,https://m.media-amazon.com/images/M/MV5BY2U2YjU0M2MtZjIxZC00ZDZjLWI2NjItN2MwMmVhM2RkMjNiXkEyXkFqcGc@._V1_SX300.jpg
Alien,1979,https://boxd.it/7kyxAv,4.0,2024-09-14,117 min,"Horror, Sci-Fi",Ridley Scott,"Dan O'Bannon, Ronald Shusett","Sigourney Weaver, Tom Skerritt, John Hurt",English,"United Kingdom, United States",https://m.media-amazon.com/images/M/MV5BN2NhMDk2MmEtZDQzOC00MmY5LThhYzAtMDdjZGFjOGZjMjdjXkEyXkFqcGc@._V1_SX300.jpg
Apostle,2018,https://boxd.it/7kCUS1,3.0,2024-09-14,130 min,"Drama, Fantasy, Horror",Gareth Evans,Gareth Evans,"Dan Stevens, Richard Elfyn, Paul Higgins","English, Chinese","United Kingdom, United States",https://m.media-amazon.com/images/M/MV5BMTY1NDk0NjI4MV5BMl5BanBnXkFtZTgwNjUyNzMwNjM@._V1_SX300.jpg
The Substance,2024,https://boxd.it/7B2HM1,3.5,2024-10-20,141 min,"Drama, Horror, Sci-Fi",Coralie Fargeat,Coralie Fargeat,"Demi Moore, Margaret Qualley, Dennis Quaid",English,"United Kingdom, France",https://m.media-amazon.com/images/M/MV5BZDQ1NGE5MGMtYzdlZC00ODExLWJlMDMtNWU4NjA5OWYwMDEwXkEyXkFqcGc@._V1_SX300.jpg
Wolfs,2024,https://boxd.it/7BIVET,3.0,2024-10-21,108 min,"Crime, Thriller",Jon Watts,Jon Watts,"George Clooney, Brad Pitt, Amy Ryan",English,"United Kingdom, United States",https://m.media-amazon.com/images/M/MV5BNWI2MzdiM2ItMTg2Zi00MTYwLThlZmItM2FkNWI4NjE3ZjRhXkEyXkFqcGc@._V1_SX300.jpg
Rebel Ridge,2024,https://boxd.it/7CTy7j,3.0,2024-10-23,131 min,"Action, Crime, Drama",Jeremy Saulnier,Jeremy Saulnier,"Aaron Pierre, Don Johnson, AnnaSophia Robb",English,United States,https://m.media-amazon.com/images/M/MV5BYTE4ZDE5ZTktZWZkMC00MGY4LWFkZDUtZTc5YWU3NzM2YmM3XkEyXkFqcGc@._V1_SX300.jpg
Don't Move,2024,https://boxd.it/7GhbdD,3.0,2024-10-29,92 min,"Horror, Thriller","Brian Netto, Adam Schindler","T.J. Cimfel, David White","Kelsey Asbille, Finn Wittrock, Moray Treadwell",English,United States,https://m.media-amazon.com/images/M/MV5BZmFlMTMyMzQtNmI4NC00YTcyLTgwOGUtMzc4YjcyNDUyOGY3XkEyXkFqcGc@._V1_SX300.jpg
Groundhog Day,1993,https://boxd.it/7HTMUT,4.0,2024-11-02,101 min,"Comedy, Drama, Fantasy",Harold Ramis,"Danny Rubin, Harold Ramis","Bill Murray, Andie MacDowell, Chris Elliott","English, French, Italian",United States,https://m.media-amazon.com/images/M/MV5BOWE3MjQ3ZDAtNDQ2MC00YjBjLTk0ZWYtNjQ0YzQ4YWE3YTEyXkEyXkFqcGc@._V1_SX300.jpg
Twins,1988,https://boxd.it/7I8pCd,4.0,2024-11-02,107 min,"Comedy, Crime",Ivan Reitman,"William Davies, William Osborne, Timothy Harris","Arnold Schwarzenegger, Danny DeVito, Kelly Preston",English,United States,https://m.media-amazon.com/images/M/MV5BMDJmMTc5YmUtN2FmNi00YzlhLWEwNTktZjI3NjlhMWE3ODM0XkEyXkFqcGc@._V1_SX300.jpg
The Departed,2006,https://boxd.it/7Lg8nD,4.5,2024-11-08,151 min,"Crime, Drama, Thriller",Martin Scorsese,"William Monahan, Alan Mak, Felix Chong","Leonardo DiCaprio, Matt Damon, Jack Nicholson","English, Cantonese","United States, Hong Kong",https://m.media-amazon.com/images/M/MV5BMTI1MTY2OTIxNV5BMl5BanBnXkFtZTYwNjQ4NjY3._V1_SX300.jpg
Joker: Folie à Deux,2024,https://boxd.it/7LI3IH,3.0,2024-11-09,138 min,"Drama, Musical, Thriller",Todd Phillips,"Scott Silver, Todd Phillips, Bob Kane","Joaquin Phoenix, Lady Gaga, Brendan Gleeson",English,"United States, Canada",https://m.media-amazon.com/images/M/MV5BNTRlNmU1NzEtODNkNC00ZGM3LWFmNzQtMjBlMWRiYTcyMGRhXkEyXkFqcGc@._V1_SX300.jpg
Another Round,2020,https://boxd.it/7McHpF,3.5,2024-11-10,117 min,Drama,Thomas Vinterberg,"Thomas Vinterberg, Tobias Lindholm","Mads Mikkelsen, Thomas Bo Larsen, Magnus Millang","Danish, Swedish, French, English, Russian","Denmark, Sweden, Netherlands, Belgium, France",https://m.media-amazon.com/images/M/MV5BNjYxN2EwYjUtNzdiOS00NTgwLTgwNzMtZmE1NGMzYTYxNzBjXkEyXkFqcGc@._V1_SX300.jpg
Murder on the Orient Express,2017,https://boxd.it/7NKngl,3.5,2024-11-13,114 min,"Crime, Drama, Mystery",Kenneth Branagh,"Michael Green, Agatha Christie","Kenneth Branagh, Penélope Cruz, Willem Dafoe","English, French, Turkish, German, Arabic",United States,https://m.media-amazon.com/images/M/MV5BNTlkYjBlZTctZjg2YS00NDMzLTlkMTMtNWExMGYyOTliMmEzXkEyXkFqcGc@._V1_SX300.jpg
Apocalypse Z: The Beginning of the End,2024,https://boxd.it/7O98WB,2.5,2024-11-14,117 min,"Action, Horror, Sci-Fi",Carles Torrens,"Ángel Agudo, Manel Loureiro","Iria del Río, José María Yazpik, Berta Vázquez","Spanish, Ukrainian",Spain,https://m.media-amazon.com/images/M/MV5BZjBiMDZjMzMtYzRjYS00ODc0LTlmNDEtYjQxYjJkYjdhODdkXkEyXkFqcGc@._V1_SX300.jpg
Rise of the Planet of the Apes,2011,https://boxd.it/7OCO29,4.0,2024-11-15,105 min,"Action, Drama, Sci-Fi",Rupert Wyatt,"Rick Jaffa, Amanda Silver, Pierre Boulle","James Franco, Andy Serkis, Freida Pinto","English, Sign ","United States, United Kingdom, Canada",https://m.media-amazon.com/images/M/MV5BMjllODU1NDItODU1Ni00N2Y2LTg4Y2ItOTJjMTczZDliN2FhXkEyXkFqcGc@._V1_SX300.jpg
Transformers,2007,https://boxd.it/7PLyoF,3.5,2024-11-17,144 min,"Action, Adventure, Sci-Fi",Michael Bay,"Roberto Orci, Alex Kurtzman, John Rogers","Shia LaBeouf, Megan Fox, Josh Duhamel","English, Spanish",United States,https://m.media-amazon.com/images/M/MV5BZjM3ZDA2YmItMzhiMi00ZGI3LTg3ZGQtOTk3Nzk0MDY0ZDZhXkEyXkFqcGc@._V1_SX300.jpg
Kill Bill: Vol. 1,2003,https://boxd.it/7ZEv3l,4.0,2024-12-07,111 min,"Action, Crime, Thriller",Quentin Tarantino,"Quentin Tarantino, Uma Thurman","Uma Thurman, David Carradine, Daryl Hannah","English, Japanese, French","United States, China",https://m.media-amazon.com/images/M/MV5BZmMyYzJlZmYtY2I3NC00NjAyLTkyZWItZjdjZDI1YTYyYTEwXkEyXkFqcGc@._V1_SX300.jpg
Click,2006,https://boxd.it/7ZOvh3,3.5,2024-12-07,107 min,"Comedy, Drama, Fantasy",Frank Coraci,"Steve Koren, Mark O'Keefe","Adam Sandler, Kate Beckinsale, Christopher Walken","English, Spanish, Japanese",United States,https://m.media-amazon.com/images/M/MV5BMTA1MTUxNDY4NzReQTJeQWpwZ15BbWU2MDE3ODAxNw@@._V1_SX300.jpg
Avatar,2009,https://boxd.it/80f6UD,4.0,2024-12-08,162 min,"Action, Adventure, Fantasy",James Cameron,James Cameron,"Sam Worthington, Zoe Saldaña, Sigourney Weaver","English, Spanish","United States, United Kingdom",https://m.media-amazon.com/images/M/MV5BMDEzMmQwZjctZWU2My00MWNlLWE0NjItMDJlYTRlNGJiZjcyXkEyXkFqcGc@._V1_SX300.jpg
Dawn of the Planet of the Apes,2014,https://boxd.it/82UkNB,4.5,2024-12-14,130 min,"Action, Adventure, Drama",Matt Reeves,"Mark Bomback, Rick Jaffa, Amanda Silver","Gary Oldman, Keri Russell, Andy Serkis","English, American Sign ","United States, United Kingdom, Canada",https://m.media-amazon.com/images/M/MV5BNWNjYzQ4ZGItZTg1My00NTM2LTg1NDUtYThjOTQwMTYyNjU1XkEyXkFqcGc@._V1_SX300.jpg
Venom: The Last Dance,2024,https://boxd.it/86cMg9,2.5,2024-12-19,110 min,"Action, Adventure, Sci-Fi",Kelly Marcel,"Kelly Marcel, Tom Hardy, Todd McFarlane","Tom Hardy, Chiwetel Ejiofor, Juno Temple",English,"United States, United Kingdom, Canada",https://m.media-amazon.com/images/M/MV5BZDMyYWU4NzItZDY0MC00ODE2LTkyYTMtMzNkNDdmYmFhZDg0XkEyXkFqcGc@._V1_SX300.jpg
The Lives of Others,2006,https://boxd.it/8bhWKj,4.5,2024-12-26,137 min,"Drama, Mystery, Thriller",Florian Henckel von Donnersmarck,Florian Henckel von Donnersmarck,"Ulrich Mühe, Martina Gedeck, Sebastian Koch",German,"Germany, France",https://m.media-amazon.com/images/M/MV5BYjM1N2Q0YWEtN2E5MC00NDM3LTk2NTEtMTc1NTk5OTA5ZGIzXkEyXkFqcGc@._V1_SX300.jpg
Civil War,2024,https://boxd.it/8cI9m1,3.5,2024-12-28,109 min,"Action, Adventure, Thriller",Alex Garland,Alex Garland,"Kirsten Dunst, Wagner Moura, Cailee Spaeny",English,"United States, United Kingdom, Finland",https://m.media-amazon.com/images/M/MV5BYTkzMjc0YzgtY2E0Yi00NDBlLWI0MWUtODY1ZjExMDAyOWZiXkEyXkFqcGc@._V1_SX300.jpg
American Made,2017,https://boxd.it/8e5Pqf,3.5,2024-12-29,115 min,"Action, Comedy, Crime",Doug Liman,Gary Spinelli,"Tom Cruise, Domhnall Gleeson, Sarah Wright","English, Spanish","United States, Japan, Colombia, Canada",https://m.media-amazon.com/images/M/MV5BMTUxNzUwMjk1Nl5BMl5BanBnXkFtZTgwNDkwODI1MjI@._V1_SX300.jpg
The Truman Show,1998,https://boxd.it/8f1DLh,5.0,2024-12-30,103 min,"Comedy, Drama",Peter Weir,Andrew Niccol,"Jim Carrey, Ed Harris, Laura Linney",English,United States,https://m.media-amazon.com/images/M/MV5BNzA3ZjZlNzYtMTdjMy00NjMzLTk5ZGYtMTkyYzNiOGM1YmM3XkEyXkFqcGc@._V1_SX300.jpg
Home Alone,1990,https://boxd.it/8fOKz1,4.0,2024-12-31,103 min,"Comedy, Family",Chris Columbus,John Hughes,"Macaulay Culkin, Joe Pesci, Daniel Stern","English, French",United States,https://m.media-amazon.com/images/M/MV5BNzNmNmQ2ZDEtMTc1MS00NjNiLThlMGUtZmQxNTg1Nzg5NWMzXkEyXkFqcGc@._V1_SX300.jpg
Home Alone 2: Lost in New York,1992,https://boxd.it/8fSNOr,4.5,2025-01-01,120 min,"Adventure, Comedy, Crime",Chris Columbus,John Hughes,"Macaulay Culkin, Joe Pesci, Daniel Stern","English, French, Spanish, Latin",United States,https://m.media-amazon.com/images/M/MV5BOGEyYzRmNzYtYzJjZi00ZjhlLWJiNDktYzZhNTgxMzc1NThlXkEyXkFqcGc@._V1_SX300.jpg
The Royal Tenenbaums,2001,https://boxd.it/8hKo0N,3.5,2025-01-02,110 min,"Comedy, Drama",Wes Anderson,"Wes Anderson, Owen Wilson","Gene Hackman, Gwyneth Paltrow, Anjelica Huston","English, Italian",United States,https://m.media-amazon.com/images/M/MV5BNTZlOWU4ZmEtZjkzMC00OWJkLTkwMTAtZTUyOTFlNGY2YTNjXkEyXkFqcGc@._V1_SX300.jpg
Horizon: An American Saga - Chapter 1,2024,https://boxd.it/8k2xZf,2.5,2025-01-04,181 min,"Drama, Western",Kevin Costner,"Jon Baird, Kevin Costner, Mark Kasdan","Kevin Costner, Sienna Miller, Sam Worthington",English,United States,https://m.media-amazon.com/images/M/MV5BMzZlMTRkNTEtOWU2MS00NWNlLWE3M2QtMGNlNDc2ZGMyOWYzXkEyXkFqcGc@._V1_SX300.jpg
Memento,2000,https://boxd.it/8lglHP,5.0,2025-01-06,113 min,"Mystery, Thriller",Christopher Nolan,"Christopher Nolan, Jonathan Nolan","Guy Pearce, Carrie-Anne Moss, Joe Pantoliano",English,United States,https://m.media-amazon.com/images/M/MV5BYmQ3MjliNjAtNWFiZS00YWI1LTlmZTktMzBiNDE1NjRhZjU0XkEyXkFqcGc@._V1_SX300.jpg
Inside Out,2015,https://boxd.it/8nQV2j,4.5,2025-01-09,95 min,"Animation, Adventure, Comedy","Pete Docter, Ronnie Del Carmen","Pete Docter, Ronnie Del Carmen, Meg LeFauve","Amy Poehler, Bill Hader, Lewis Black","English, Portuguese, Latvian",United States,https://m.media-amazon.com/images/M/MV5BOTgxMDQwMDk0OF5BMl5BanBnXkFtZTgwNjU5OTg2NDE@._V1_SX300.jpg
The King of Comedy,1982,https://boxd.it/8qZ3GJ,3.5,2025-01-11,109 min,"Comedy, Crime, Drama",Martin Scorsese,Paul D. Zimmerman,"Robert De Niro, Jerry Lewis, Diahnne Abbott",English,United States,https://m.media-amazon.com/images/M/MV5BYTQxNGUwNmUtMDJhYy00ZjM1LWFjZjQtYmI5ZGY4YTZmZWQyXkEyXkFqcGc@._V1_SX300.jpg
Pulp Fiction,1994,https://boxd.it/8slRl5,4.0,2025-01-13,154 min,"Crime, Drama",Quentin Tarantino,"Quentin Tarantino, Roger Avary","John Travolta, Uma Thurman, Samuel L. Jackson","English, Spanish, French",United States,https://m.media-amazon.com/images/M/MV5BYTViYTE3ZGQtNDBlMC00ZTAyLTkyODMtZGRiZDg0MjA2YThkXkEyXkFqcGc@._V1_SX300.jpg
Anchorman: The Legend of Ron Burgundy,2004,https://boxd.it/8wSRPh,3.0,2025-01-18,94 min,Comedy,Adam McKay,"Will Ferrell, Adam McKay","Will Ferrell, Christina Applegate, Steve Carell","English, French, Spanish",United States,https://m.media-amazon.com/images/M/MV5BMTQ2MzYwMzk5Ml5BMl5BanBnXkFtZTcwOTI4NzUyMw@@._V1_SX300.jpg
Rocky,1976,https://boxd.it/8xmMW3,4.0,2025-01-19,120 min,"Drama, Sport",John G. Avildsen,Sylvester Stallone,"Sylvester Stallone, Talia Shire, Burt Young","English, Spanish, Italian",United States,https://m.media-amazon.com/images/M/MV5BZDEyY2M2MGMtYjg5OC00ZWFjLWFkZDQtNmQzZTdiYmYzZTBkXkEyXkFqcGc@._V1_SX300.jpg
Se7en,1995,https://boxd.it/8yEstv,5.0,2025-01-20,127 min,"Crime, Drama, Mystery",David Fincher,Andrew Kevin Walker,"Morgan Freeman, Brad Pitt, Kevin Spacey",English,United States,https://m.media-amazon.com/images/M/MV5BY2IzNzMxZjctZjUxZi00YzAxLTk3ZjMtODFjODdhMDU5NDM1XkEyXkFqcGc@._V1_SX300.jpg
"Planes, Trains & Automobiles",1987,https://boxd.it/8AqXmv,3.5,2025-01-23,93 min,"Comedy, Drama",John Hughes,John Hughes,"Steve Martin, John Candy, Laila Robins",English,United States,https://m.media-amazon.com/images/M/MV5BOWJhY2Y1Y2YtNjA0NC00ZjNkLTg2NWMtMjhhY2JiZDJhYTdmXkEyXkFqcGc@._V1_SX300.jpg
Interstellar,2014,https://boxd.it/8CU6Q1,4.5,2025-01-26,169 min,"Adventure, Drama, Sci-Fi",Christopher Nolan,"Jonathan Nolan, Christopher Nolan","Matthew McConaughey, Anne Hathaway, Jessica Chastain",English,"United States, United Kingdom, Canada",https://m.media-amazon.com/images/M/MV5BYzdjMDAxZGItMjI2My00ODA1LTlkNzItOWFjMDU5ZDJlYWY3XkEyXkFqcGc@._V1_SX300.jpg
The Sixth Sense,1999,https://boxd.it/8DVAtd,4.0,2025-01-27,107 min,"Drama, Mystery, Thriller",M. Night Shyamalan,M. Night Shyamalan,"Bruce Willis, Haley Joel Osment, Toni Collette","English, Latin, Spanish",United States,https://m.media-amazon.com/images/M/MV5BZWQ2OTY0M2UtMTQxNC00MmIzLTllNDQtNDQ0MTQyYzI2M2ZiXkEyXkFqcGc@._V1_SX300.jpg
Fight Club,1999,https://boxd.it/8G3dt9,3.0,2025-01-30,139 min,Drama,David Fincher,"Chuck Palahniuk, Jim Uhls","Brad Pitt, Edward Norton, Meat Loaf",English,"Germany, United States",https://m.media-amazon.com/images/M/MV5BOTgyOGQ1NDItNGU3Ny00MjU3LTg2YWEtNmEyYjBiMjI1Y2M5XkEyXkFqcGc@._V1_SX300.jpg
Elite Squad,2007,https://boxd.it/8GGxpf,3.0,2025-01-31,115 min,"Action, Crime, Drama",José Padilha,"José Padilha, Rodrigo Pimentel, Bráulio Mantovani","Wagner Moura, André Ramiro, Caio Junqueira",Portuguese,"Brazil, Argentina",https://m.media-amazon.com/images/M/MV5BZjU3Yzk3NzctYWNiNy00YWMzLThiOGItODc3NmEzODBkYjRmXkEyXkFqcGc@._V1_SX300.jpg
Deep Blue Sea,1999,https://boxd.it/8HiSSt,3.0,2025-02-01,105 min,"Action, Adventure, Sci-Fi",Renny Harlin,"Duncan Kennedy, Donna Powers, Wayne Powers","Thomas Jane, Saffron Burrows, Samuel L. Jackson","English, Spanish","United States, Mexico",https://m.media-amazon.com/images/M/MV5BMTM5OTUyYWYtMGE2OS00ODEzLTk0ZjctZmQ5NzFlNWQ3OTAxXkEyXkFqcGc@._V1_SX300.jpg
The Nice Guys,2016,https://boxd.it/8Id8Mt,3.5,2025-02-02,116 min,"Action, Comedy, Crime",Shane Black,"Shane Black, Anthony Bagarozzi","Russell Crowe, Ryan Gosling, Angourie Rice","English, German",United States,https://m.media-amazon.com/images/M/MV5BM2YwNWZlZGEtYTEyZi00NjdjLWEwM2ItM2Q2MDMwZjkzMjk0XkEyXkFqcGc@._V1_SX300.jpg
The Unbearable Weight of Massive Talent,2022,https://boxd.it/8JFPvF,3.0,2025-02-04,107 min,"Action, Comedy, Crime",Tom Gormican,"Tom Gormican, Kevin Etten","Nicolas Cage, Pedro Pascal, Tiffany Haddish","English, Spanish","Croatia, United States, Hungary",https://m.media-amazon.com/images/M/MV5BMWEzMTA3MjAtOTkwYS00ZTNlLWIzYzMtMDIxNzU0NTlkMGRlXkEyXkFqcGc@._V1_SX300.jpg
"Me, Myself & Irene",2000,https://boxd.it/8KxR1F,4.0,2025-02-06,116 min,Comedy,"Bobby Farrelly, Peter Farrelly","Peter Farrelly, Mike Cerrone, Bobby Farrelly","Jim Carrey, Renée Zellweger, Anthony Anderson","English, German",United States,https://m.media-amazon.com/images/M/MV5BZjEzYTdkMmUtN2Y3Mi00Mzc5LWJkYTUtYTY4NzUxZTU2NzExXkEyXkFqcGc@._V1_SX300.jpg
Elite Squad 2: The Enemy Within,2010,https://boxd.it/8KEhjx,4.0,2025-02-06,115 min,"Crime, Drama, Thriller",José Padilha,"José Padilha, Rodrigo Pimentel, Bráulio Mantovani","Wagner Moura, Irandhir Santos, André Ramiro",Portuguese,Brazil,https://m.media-amazon.com/images/M/MV5BMjEzMzMxOTUyNV5BMl5BanBnXkFtZTcwNjI3MDc5Ng@@._V1_SX300.jpg
Heretic,2024,https://boxd.it/8PF99B,2.5,2025-02-14,111 min,"Horror, Thriller","Scott Beck, Bryan Woods","Scott Beck, Bryan Woods","Hugh Grant, Sophie Thatcher, Chloe East",English,"United States, Canada",https://m.media-amazon.com/images/M/MV5BMzFiMWM4YjAtY2Y3Yi00MDIzLTk0N2MtYTAwNGM3ZmMwODhlXkEyXkFqcGc@._V1_SX300.jpg
Donnie Darko,2001,https://boxd.it/8Qt65h,3.0,2025-02-15,113 min,"Drama, Mystery, Sci-Fi",Richard Kelly,Richard Kelly,"Jake Gyllenhaal, Jena Malone, Mary McDonnell",English,United States,https://m.media-amazon.com/images/M/MV5BMWE3NTYzZmEtM2U5MS00MDZhLTk2ZTQtZTgzNjg0ZGQ5ZjM0XkEyXkFqcGc@._V1_SX300.jpg
Emilia Pérez,2024,https://boxd.it/8Ug5Gr,2.0,2025-02-21,132 min,"Comedy, Crime, Drama",Jacques Audiard,"Jacques Audiard, Thomas Bidegain, Léa Mysius","Zoe Saldaña, Karla Sofía Gascón, Selena Gomez","Spanish, English","France, Mexico, Belgium",https://m.media-amazon.com/images/M/MV5BNjBhMWVmYjQtYmI2NC00NjdiLTliMjQtODliYjI5OTZmMzczXkEyXkFqcGc@._V1_SX300.jpg
I'm Still Here,2024,https://boxd.it/8WJA4T,4.0,2025-02-24,137 min,"Biography, Drama, History",Walter Salles,"Murilo Hauser, Heitor Lorega, Marcelo Rubens Paiva","Fernanda Torres, Fernanda Montenegro, Selton Mello",Portuguese,"Brazil, France",https://m.media-amazon.com/images/M/MV5BM2FjMjBiZjgtZDkyYy00YTRlLTk5N2QtODE2ZWIyYWE0Yzg0XkEyXkFqcGc@._V1_SX300.jpg
Conclave,2024,https://boxd.it/8Zr4hd,4.0,2025-03-01,120 min,"Drama, Mystery, Thriller",Edward Berger,"Peter Straughan, Robert Harris","Ralph Fiennes, Stanley Tucci, John Lithgow","English, Italian, Spanish, Latin","United Kingdom, United States",https://m.media-amazon.com/images/M/MV5BYjgxMDI5NmMtNTU3OS00ZDQxLTgxZmEtNzY1ZTBmMDY4NDRkXkEyXkFqcGc@._V1_SX300.jpg
Anora,2024,https://boxd.it/8ZMYxj,3.0,2025-03-02,139 min,"Comedy, Drama, Romance",Sean Baker,Sean Baker,"Mikey Madison, Paul Weissman, Yura Borisov","English, Russian, Armenian",United States,https://m.media-amazon.com/images/M/MV5BYThiN2M0NTItODRmNC00NDhlLWFiYTgtMWM2YTEyYzI3ZTY1XkEyXkFqcGc@._V1_SX300.jpg
The Brutalist,2024,https://boxd.it/90kS0B,3.0,2025-03-02,214 min,Drama,Brady Corbet,"Brady Corbet, Mona Fastvold","Adrien Brody, Felicity Jones, Guy Pearce","English, Hungarian, Italian, Hebrew, Yiddish","United States, United Kingdom, Canada",https://m.media-amazon.com/images/M/MV5BM2U0MWRjZTMtMDVhNC00MzY4LTgwOTktZGQ2MDdiYTI4OWMxXkEyXkFqcGc@._V1_SX300.jpg
Inside Out 2,2024,https://boxd.it/94hoBd,3.0,2025-03-08,96 min,"Animation, Adventure, Comedy",Kelsey Mann,"Meg LeFauve, Dave Holstein, Kelsey Mann","Amy Poehler, Maya Hawke, Kensington Tallman","English, French, Spanish",United States,https://m.media-amazon.com/images/M/MV5BYWY3MDE2Y2UtOTE3Zi00MGUzLTg2MTItZjE1ZWVkMGVlODRmXkEyXkFqcGc@._V1_SX300.jpg
Kill Bill: Vol. 2,2004,https://boxd.it/957V9l,4.0,2025-03-09,137 min,"Action, Crime, Thriller",Quentin Tarantino,"Quentin Tarantino, Uma Thurman","Uma Thurman, David Carradine, Michael Madsen","English, Cantonese, Mandarin, Spanish",United States,https://m.media-amazon.com/images/M/MV5BY2FiNzhiZTctNzU1Mi00NDkwLWExNDMtZTg0MjYyNzhkNWNkXkEyXkFqcGc@._V1_SX300.jpg
Captain America: Brave New World,2025,https://boxd.it/97Vxqv,2.5,2025-03-14,118 min,"Action, Adventure, Sci-Fi",Julius Onah,"Rob Edwards, Malcolm Spellman, Dalan Musson","Anthony Mackie, Harrison Ford, Danny Ramirez",English,"United States, Canada",https://m.media-amazon.com/images/M/MV5BNDRjY2E0ZmEtN2QwNi00NTEwLWI3MWItODNkMGYwYWFjNGE0XkEyXkFqcGc@._V1_SX300.jpg
Mickey 17,2025,https://boxd.it/9nn7n7,3.0,2025-04-11,137 min,"Adventure, Comedy, Fantasy",Bong Joon Ho,"Bong Joon Ho, Edward Ashton","Robert Pattinson, Steven Yeun, Michael Monroe",English,"United States, South Korea",https://m.media-amazon.com/images/M/MV5BZGQwYmEzMzktYzBmMy00NmVmLTkyYTUtOTYyZjliZDNhZGVkXkEyXkFqcGc@._V1_SX300.jpg
Longlegs,2024,https://boxd.it/9oPa9R,2.5,2025-04-13,101 min,"Crime, Horror, Thriller",Osgood Perkins,Osgood Perkins,"Maika Monroe, Nicolas Cage, Blair Underwood",English,"Canada, United States",https://m.media-amazon.com/images/M/MV5BMmJkNGNiNjgtMzFlYy00ZDI5LWI2YzktZGVjYjI5MjQyMGU3XkEyXkFqcGc@._V1_SX300.jpg
A Dog's Will,1999,https://boxd.it/9zL7E9,4.5,2025-05-01,38 min,"Comedy, Drama, Fantasy",,,"Matheus Nachtergaele, Selton Mello, Virginia Cavendish",Portuguese,Brazil,https://m.media-amazon.com/images/M/MV5BNTkxNGRkN2QtZTA0ZC00ZTE5LTk2ODUtYmZmNDRiMjIwNzQ0XkEyXkFqcGc@._V1_SX300.jpg
The Monkey,2025,https://boxd.it/9AhmZ1,2.0,2025-05-02,98 min,Horror,Osgood Perkins,"Osgood Perkins, Stephen King","Theo James, Tatiana Maslany, Christian Convery",English,"United States, United Kingdom, Canada",https://m.media-amazon.com/images/M/MV5BNzZhMTc5MWUtOTE2MS00MjUwLTljYWEtYTk1ZmVjNzhmMzYzXkEyXkFqcGc@._V1_SX300.jpg
A Dog's Will 2,2024,https://boxd.it/9APC6J,2.5,2025-05-03,104 min,"Comedy, Drama, Fantasy","Guel Arraes, Flávia Lacerda","Guel Arraes, João Falcão, Adriana Falcão","Matheus Nachtergaele, Selton Mello, Taís Araújo",Portuguese,Brazil,https://m.media-amazon.com/images/M/MV5BMWM3Y2FkMTMtMzMxMy00MDZhLWI3OWUtNjlmM2ZjNWIxNTNjXkEyXkFqcGc@._V1_SX300.jpg
The Accountant,2016,https://boxd.it/9Eaeyt,3.0,2025-05-08,128 min,"Action, Crime, Drama",Gavin O'Connor,Bill Dubuque,"Ben Affleck, Anna Kendrick, J.K. Simmons","English, Indonesian, French",United States,https://m.media-amazon.com/images/M/MV5BNDc5Mzg2NTYxNV5BMl5BanBnXkFtZTgwMjQ2ODAwOTE@._V1_SX300.jpg
Oeste Outra Vez,2024,https://boxd.it/9NJnm3,4.0,2025-05-25,,"Drama, Western",Erico Rassi,Erico Rassi,"Adanilo, Ângelo Antônio, Antonio Pitanga",Portuguese,Brazil,https://m.media-amazon.com/images/M/MV5BMzhkMDQ5MmQtYzg4OS00M2QyLWE3M2UtNDQ0Y2FjYWMwZmYzXkEyXkFqcGc@._V1_SX300.jpg
