Date,Name,Year,Letterboxd URI
2024-03-14,Silence,2016,https://boxd.it/2cAo
2024-03-15,The Wolf of Wall Street,2013,https://boxd.it/3C1m
2024-03-17,The Holdovers,2023,https://boxd.it/vHza
2024-06-10,Bad Boys: Ride or Die,2024,https://boxd.it/l3Ki
2024-06-10,First Blood,1982,https://boxd.it/28U0
2024-06-10,Godzilla Minus One,2023,https://boxd.it/zu4c
2024-06-10,Planet of the Apes,1968,https://boxd.it/29p8
2024-06-10,Inception,2010,https://boxd.it/1skk
2024-06-10,Oppenheimer,2023,https://boxd.it/wUow
2024-06-10,Arrival,2016,https://boxd.it/aNGk
2024-06-10,Glass Onion,2022,https://boxd.it/oCkK
2024-06-10,Ghostbusters: Frozen Empire,2024,https://boxd.it/AxYu
2024-06-10,American Fiction,2023,https://boxd.it/DYHm
2024-06-10,Madame Web,2024,https://boxd.it/nwD0
2024-06-10,Anatomy of a Fall,2023,https://boxd.it/yuDE
2024-06-10,Past Lives,2023,https://boxd.it/oNB8
2024-06-10,Saltburn,2023,https://boxd.it/z4eg
2024-06-10,Killers of the Flower Moon,2023,https://boxd.it/gHp0
2024-06-10,Indiana Jones and the Dial of Destiny,2023,https://boxd.it/b8vM
2024-06-10,Transformers: Revenge of the Fallen,2009,https://boxd.it/20gG
2024-06-10,Transformers: Dark of the Moon,2011,https://boxd.it/16aC
2024-06-10,Transformers: Age of Extinction,2014,https://boxd.it/3d1m
2024-06-10,Transformers: The Last Knight,2017,https://boxd.it/b8xo
2024-06-10,Bumblebee,2018,https://boxd.it/f21O
2024-06-10,Transformers: Rise of the Beasts,2023,https://boxd.it/oQTa
2024-06-10,Asteroid City,2023,https://boxd.it/s3ds
2024-06-10,Challengers,2024,https://boxd.it/zld0
2024-06-10,Creed,2015,https://boxd.it/a2qk
2024-06-10,Creed III,2023,https://boxd.it/pf68
2024-06-10,Creed II,2018,https://boxd.it/hgl8
2024-06-10,John Wick: Chapter 3 – Parabellum,2019,https://boxd.it/gmFw
2024-06-10,John Wick: Chapter 4,2023,https://boxd.it/mh48
2024-06-10,Avatar: The Way of Water,2022,https://boxd.it/2E2E
2024-06-10,Enola Holmes 2,2022,https://boxd.it/vfDe
2024-06-10,Everything Everywhere All at Once,2022,https://boxd.it/jUk4
2024-06-10,What Is a Woman?,2022,https://boxd.it/A8UM
2024-06-10,Top Gun: Maverick,2022,https://boxd.it/cjr4
2024-06-10,The Northman,2022,https://boxd.it/nK2s
2024-06-10,Fantastic Beasts: The Secrets of Dumbledore,2022,https://boxd.it/bg8Q
2024-06-10,The Last Duel,2021,https://boxd.it/mQbe
2024-06-10,CODA,2021,https://boxd.it/tbf4
2024-06-10,The Power of the Dog,2021,https://boxd.it/m99E
2024-06-10,The Woman in the Window,2021,https://boxd.it/iT56
2024-06-10,Judas and the Black Messiah,2021,https://boxd.it/lsew
2024-06-10,The Invisible Man,2020,https://boxd.it/kWlA
2024-06-10,Fast & Furious Presents: Hobbs & Shaw,2019,https://boxd.it/dnDA
2024-06-10,BlacKkKlansman,2018,https://boxd.it/hxL8
2024-06-10,The Shape of Water,2017,https://boxd.it/dZ5m
2024-06-10,No Country for Old Men,2007,https://boxd.it/21ew
2024-06-10,Before the Devil Knows You're Dead,2007,https://boxd.it/20Jy
2024-06-10,The Aviator,2004,https://boxd.it/26BU
2024-06-10,The Green Mile,1999,https://boxd.it/2agG
2024-06-10,Saving Private Ryan,1998,https://boxd.it/29ro
2024-06-11,The Omen,1976,https://boxd.it/29By
2024-06-11,2001: A Space Odyssey,1968,https://boxd.it/2bf0
2024-06-11,Eternal Sunshine of the Spotless Mind,2004,https://boxd.it/6YK
2024-08-08,Immaculate,2024,https://boxd.it/Douw
2024-08-28,Oddity,2024,https://boxd.it/K9pg
2024-09-06,Trap,2024,https://boxd.it/D4nK
2024-09-06,Kinds of Kindness,2024,https://boxd.it/CWPw
2024-09-06,Blink Twice,2024,https://boxd.it/vIOg
2024-09-15,Speak No Evil,2024,https://boxd.it/G9f8
2024-10-20,It's What's Inside,2024,https://boxd.it/DOV4
2024-11-01,Smile,2022,https://boxd.it/xjfE
2024-11-03,Smile 2,2024,https://boxd.it/FDA4
2024-11-03,Tenet,2020,https://boxd.it/leq4
2024-11-03,The Cable Guy,1996,https://boxd.it/1XAI
2024-11-03,Junior,1994,https://boxd.it/21Qg
2024-11-03,The Black Phone,2021,https://boxd.it/sqFE
2024-11-03,The Shawshank Redemption,1994,https://boxd.it/2aHi
2024-11-03,12 Angry Men,1957,https://boxd.it/2auI
2024-11-03,One Flew Over the Cuckoo's Nest,1975,https://boxd.it/2aeA
2024-11-03,"The Good, the Bad and the Ugly",1966,https://boxd.it/2ape
2024-11-03,Once Upon a Time in the West,1968,https://boxd.it/2az4
2024-11-03,The Silence of the Lambs,1991,https://boxd.it/2aHW
2024-11-03,The Usual Suspects,1995,https://boxd.it/29XE
2024-11-03,Psycho,1960,https://boxd.it/2ab2
2024-11-03,Sunset Boulevard,1950,https://boxd.it/2a20
2024-11-03,Gladiator,2000,https://boxd.it/2b9m
2024-11-03,Léon: The Professional,1994,https://boxd.it/2b8S
2024-11-03,The Pianist,2002,https://boxd.it/2aqc
2024-11-03,Scarface,1983,https://boxd.it/2b7g
2024-11-03,The Great Escape,1963,https://boxd.it/22kA
2024-11-03,Apocalypse Now,1979,https://boxd.it/6ZS
2024-11-03,Citizen Kane,1941,https://boxd.it/71O
2024-11-03,Vertigo,1958,https://boxd.it/2apI
2024-11-03,The Hunt,2012,https://boxd.it/3wEC
2024-11-03,Django Unchained,2012,https://boxd.it/2cCk
2024-11-03,Inglourious Basterds,2009,https://boxd.it/1JzG
2024-11-03,American Beauty,1999,https://boxd.it/71Y
2024-11-04,Love Lies Bleeding,2024,https://boxd.it/zN4q
2024-11-09,Taxi Driver,1976,https://boxd.it/2b8y
2024-11-09,Casino,1995,https://boxd.it/2ads
2024-11-09,Reservoir Dogs,1992,https://boxd.it/2agc
2024-11-10,The Celebration,1998,https://boxd.it/2aCM
2024-11-11,Moonlight,2016,https://boxd.it/d6bE
2024-11-11,Hereditary,2018,https://boxd.it/hNVe
2024-11-13,Wall Street,1987,https://boxd.it/1VFG
2024-11-17,Horizon: An American Saga – Chapter 2,2024,https://boxd.it/GnFu
2024-11-18,Nymphomaniac: Vol. I,2013,https://boxd.it/7DiG
2024-11-20,The Ballad of Buster Scruggs,2018,https://boxd.it/jB2q
2024-11-23,Gladiator II,2024,https://boxd.it/kqQQ
2024-11-23,A Real Pain,2024,https://boxd.it/CjNG
2024-12-01,The Menu,2022,https://boxd.it/lScm
2024-12-01,Birdman or (The Unexpected Virtue of Ignorance),2014,https://boxd.it/5RFA
2024-12-02,Space Cowboys,2000,https://boxd.it/22W0
2024-12-05,RoboCop,1987,https://boxd.it/22Wu
2024-12-14,Heat,1995,https://boxd.it/2bg8
2024-12-14,Prisoners,2013,https://boxd.it/4E5i
2024-12-25,Sonic the Hedgehog 3,2024,https://boxd.it/zq0U
2024-12-27,Die Hard,1988,https://boxd.it/2a7u
2025-01-03,Basic Instinct,1992,https://boxd.it/2asM
2025-01-04,The Deer Hunter,1978,https://boxd.it/1T6O
2025-01-04,Million Dollar Baby,2004,https://boxd.it/2bdI
2025-01-04,Juror #2,2024,https://boxd.it/FRwU
2025-01-16,Babygirl,2024,https://boxd.it/Fvai
2025-01-24,Blade Runner,1982,https://boxd.it/2bcA
2025-01-24,Blade Runner 2049,2017,https://boxd.it/b8wK
2025-01-25,Fake Blonde,2007,https://boxd.it/5eHM
2025-01-26,Jaws,1975,https://boxd.it/2a5e
2025-01-26,Jackie Brown,1997,https://boxd.it/2aVO
2025-01-27,Mulholland Drive,2001,https://boxd.it/297o
2025-01-31,Zodiac,2007,https://boxd.it/27MO
2025-01-31,The Game,1997,https://boxd.it/26vC
2025-01-31,The Apartment,1960,https://boxd.it/2aGE
2025-02-04,Companion,2025,https://boxd.it/F04o
2025-02-07,The Batman,2022,https://boxd.it/eDGs
2025-02-07,Rocky II,1979,https://boxd.it/28Ua
2025-02-07,Rocky III,1982,https://boxd.it/28Tw
2025-02-07,Big,1988,https://boxd.it/271S
2025-02-07,The Godfather,1972,https://boxd.it/2aNK
2025-02-07,The Godfather Part II,1974,https://boxd.it/2aNq
2025-02-07,The Godfather Part III,1990,https://boxd.it/2aN6
2025-02-07,Dolemite Is My Name,2019,https://boxd.it/je6E
2025-02-07,The Trial of the Chicago 7,2020,https://boxd.it/kn3w
2025-02-07,Schindler's List,1993,https://boxd.it/2aq2
2025-02-07,Once Upon a Time... in Hollywood,2019,https://boxd.it/gH0O
2025-02-07,The Shining,1980,https://boxd.it/29Nu
2025-02-07,Christine,1983,https://boxd.it/1ZRQ
2025-02-07,Back to the Future,1985,https://boxd.it/2b8e
2025-02-07,Back to the Future Part II,1989,https://boxd.it/2aYI
2025-02-07,Back to the Future Part III,1990,https://boxd.it/2aTS
2025-02-07,Bad Boys,1995,https://boxd.it/1XVG
2025-02-07,Bad Boys II,2003,https://boxd.it/1ZuW
2025-02-07,Bad Boys for Life,2020,https://boxd.it/15pc
2025-02-07,Knives Out,2019,https://boxd.it/jWEA
2025-02-07,Parasite,2019,https://boxd.it/hTha
2025-02-15,Dallas Buyers Club,2013,https://boxd.it/4O8G
2025-02-16,The Others,2001,https://boxd.it/27Po
2025-02-16,They Live,1988,https://boxd.it/20lm
2025-02-17,Halloween,1978,https://boxd.it/2wRu
2025-02-17,Escape from New York,1981,https://boxd.it/294k
2025-02-21,Under the Silver Lake,2018,https://boxd.it/dSAs
2025-02-25,Midnight in Paris,2011,https://boxd.it/i4a
2025-02-25,The Big Short,2015,https://boxd.it/ajZw
2025-02-26,Incendies,2010,https://boxd.it/Msm
2025-02-26,Sicario,2015,https://boxd.it/8i7u
2025-02-26,Central Station,1998,https://boxd.it/29RG
2025-03-01,American History X,1998,https://boxd.it/2bdo
2025-03-06,Nickel Boys,2024,https://boxd.it/CStQ
2025-03-06,Malu,2024,https://boxd.it/K5d6
2025-03-07,Sicario: Day of the Soldado,2018,https://boxd.it/e4fG
2025-03-10,Scream,1996,https://boxd.it/24EC
2025-03-11,"Rio, 100 Degrees F°",1955,https://boxd.it/4DUa
2025-03-19,Blow Out,1981,https://boxd.it/1TlE
2025-03-25,True Crime,1999,https://boxd.it/1Wtm
2025-03-25,The Alto Knights,2025,https://boxd.it/CjB6
2025-04-16,Once Upon a Time in America,1984,https://boxd.it/2aCs
2025-04-20,Persona,1966,https://boxd.it/29B4
2025-04-20,Stalker,1979,https://boxd.it/28PO
2025-05-11,Sinners,2025,https://boxd.it/KQMM
2025-05-20,The Secret Agent,2025,https://boxd.it/KkUE
2025-06-13,Ballerina,2025,https://boxd.it/jKqG
2025-07-08,Jurassic World Rebirth,2025,https://boxd.it/KUeE
2025-07-08,F1,2025,https://boxd.it/yjVM
2025-07-16,Superman,2025,https://boxd.it/E9IU
